id,category,content
1,Vector Databases,"Vector databases enable efficient similarity search over high-dimensional embeddings, making them essential for modern AI and semantic search systems."
2,Vector Databases,"Endee provides scalable vector storage optimized for low-latency retrieval in large-scale AI applications."
3,RAG,"Retrieval-Augmented Generation (RAG) combines external knowledge retrieval with large language models to improve factual accuracy and reduce hallucinations."
4,RAG,"By grounding LLM responses in retrieved documents, RAG systems deliver more reliable and context-aware answers."
5,Endee Platform,"Endee supports embedding storage, similarity search, and metadata filtering for AI-driven applications."
6,Endee Platform,"The Endee vector engine is designed to handle millions of embeddings with consistent performance."
7,Use Cases,"Endee can be used for semantic search, document question answering, chatbots, and enterprise knowledge bases."
8,Use Cases,"AI teams use Endee to power recommendation systems and contextual information retrieval."
9,Architecture,"A typical Endee-based RAG pipeline includes data ingestion, embedding generation, vector indexing, retrieval, and response generation."
10,Architecture,"Endee integrates seamlessly with popular embedding models and large language models."
11,Performance,"Efficient indexing strategies in Endee ensure fast nearest-neighbor search even as data scales."
12,Performance,"Low-latency retrieval is critical for real-time AI applications, which Endee is designed to support."
13,AI Systems,"Vector similarity search is a core component of modern AI systems such as semantic search engines."
14,AI Systems,"Endee enables AI systems to retrieve relevant context dynamically instead of relying solely on model memory."
15,Best Practices,"Using high-quality domain-specific data in Endee improves retrieval relevance and RAG output quality."
